cid,entryTime,syncId
328,2019-01-31T20:37:02+05:30,3281548947220466
357,2019-02-01T12:37:16+05:30,3571549004834395
231,2019-01-25T14:27:24+05:30,2311548406643844
96208,2018-11-16T11:15:53+05:30,962081542347117845
96208,2018-11-16T11:16:38+05:30,962081542347195842
96208,2018-11-16T11:44:43+05:30,962081542348044532
279,2019-01-30T18:57:21+05:30,2791548854840105
351,2019-02-01T12:09:08+05:30,3511549003146945
280,2019-01-30T18:56:35+05:30,2801548854793011
298,2019-01-31T13:52:19+05:30,2981548922937086
275,2019-01-30T17:12:49+05:30,2751548848567357
251,2019-01-25T19:29:47+05:30,2511548424785850
378,2019-02-01T17:36:24+05:30,3781549022781125
109,2019-01-18T16:49:19+05:30,1091547810299234
332,2019-01-31T21:16:51+05:30,3321548949607879
156,2019-01-22T12:39:59+05:30,1561548140997546
327,2019-01-31T20:31:19+05:30,3271548946878207
368,2019-02-01T16:21:46+05:30,3681549018303205
104,2019-01-18T11:41:41+05:30,1041547791814680
341,2019-01-31T22:16:45+05:30,3411548953202033
349,2019-02-01T11:55:18+05:30,3491549002315974
379,2019-02-01T17:48:21+05:30,3791549023428626
353,2019-02-01T12:26:17+05:30,3531549004175782
371,2019-02-01T16:40:31+05:30,3711549019423445
395,2019-02-02T13:10:44+05:30,3951549093242273
297,2019-01-31T13:34:29+05:30,2971548921866565
269,2019-01-30T13:58:59+05:30,2691548836938613
352,2019-02-01T12:17:03+05:30,3521549003620942
273,2019-01-30T17:03:42+05:30,2731548848015236
268,2019-01-30T13:29:30+05:30,2681548835168655
170,2019-01-22T17:34:15+05:30,1701548158652943
394,2019-02-02T12:22:29+05:30,3941549090348155
301,2019-01-31T14:48:40+05:30,3011548926317841
323,2019-01-31T19:33:16+05:30,3231548943394197
342,2019-01-31T22:27:22+05:30,3421548953838936
48,2019-01-12T14:04:31+05:30,481547282070618
118,2019-01-19T00:37:41+05:30,1181547838358663
222,2019-01-24T20:16:33+05:30,2221548341191710
110,2019-01-18T17:00:52+05:30,1101547810969504
116,2019-01-18T22:25:27+05:30,1161547830442936
380,2019-02-01T17:48:19+05:30,3801549023497041
155,2019-01-22T12:30:12+05:30,1551548140411320
206,2019-01-24T16:18:44+05:30,2061548326923490
151,2019-01-22T10:45:55+05:30,1511548134153838
274,2019-01-30T17:12:51+05:30,2741548848562003
271,2019-01-30T16:46:32+05:30,2711548846990389
87,2019-01-16T17:21:10+05:30,871547639387534
75,2019-01-15T15:38:39+05:30,751547546829256
76,2019-01-15T16:04:16+05:30,761547548455431
320,2019-01-31T19:08:41+05:30,3201548941917819
143,2019-01-21T12:53:07+05:30,1431548055386956
117,2019-01-18T22:40:26+05:30,1171547831329895
144,2019-01-21T13:35:12+05:30,1441548057888462
253,2019-01-25T20:10:07+05:30,2531548427204770
38,2019-01-09T16:55:58+05:30,381547033157431
38,2019-01-12T11:33:28+05:30,381547273006880
38,2019-01-12T12:35:13+05:30,381547276712072
359,2019-02-01T12:45:39+05:30,3591549005337818
89,2019-01-17T13:15:44+05:30,891547711138276
281,2019-01-30T19:30:10+05:30,2811548856808647
94,2019-01-17T18:07:12+05:30,941547728631819
962081,2018-11-16T12:28:53+05:30,9620811542350077151
299,2019-01-31T14:34:10+05:30,2991548925448611
217,2019-01-24T19:51:24+05:30,2171548339683892
289,2019-01-31T11:39:43+05:30,2891548914982037
329,2019-01-31T20:41:41+05:30,3291548947496918
232,2019-01-25T14:38:20+05:30,2321548407298903
130,2019-01-19T16:49:20+05:30,1301547896671720
283,2019-01-30T19:45:58+05:30,2831548857751661
324,2019-01-31T19:35:49+05:30,3241548943546613
208,2019-01-24T18:15:09+05:30,2081548333906635
82,2019-01-16T16:15:21+05:30,821547635416007
277,2019-01-30T18:34:48+05:30,2771548853487649
247,2019-01-25T18:40:31+05:30,2471548421828581
246,2019-01-25T18:09:29+05:30,2461548419966076
295,2019-01-31T13:34:04+05:30,2951548921842644
338,2019-01-31T21:56:53+05:30,3381548952011357
145,2019-01-21T15:29:33+05:30,1451548064772517
383,2019-02-01T18:59:35+05:30,3831549027768179
360,2019-02-01T12:50:40+05:30,3601549005638512
201,2019-01-23T17:40:15+05:30,2011548245403315
77,2019-01-16T12:19:21+05:30,771547621284317
77,2019-01-16T12:54:09+05:30,771547623365439
250,2019-01-25T19:17:46+05:30,2501548424064943
91,2019-01-17T16:58:56+05:30,911547724449071
252,2019-01-25T19:44:10+05:30,2521548425646303
305,2019-01-31T17:14:32+05:30,3051548935070478
88,2019-01-16T17:36:39+05:30,881547640310080
224,2019-01-24T20:38:45+05:30,2241548342522353
152,2019-01-22T11:58:26+05:30,1521548138504228
346,2019-02-01T11:33:07+05:30,3461549000985574
361,2019-02-01T12:57:31+05:30,3611549006048514
0,2018-11-17T16:35:05+05:30,01542452704017
0,2018-11-20T16:11:53+05:30,01542710512488
0,2018-11-20T17:25:03+05:30,01542714901961
0,2018-11-26T13:01:29+05:30,01543217488053
0,2018-11-26T13:01:43+05:30,01543217503127
0,2018-11-26T13:01:58+05:30,01543217503127
0,2018-11-26T13:02:03+05:30,01543217523426
0,2018-11-26T13:02:31+05:30,01543217551037
0,2018-11-26T13:02:39+05:30,01543217558427
0,2018-11-26T16:40:13+05:30,01543230610914
0,2018-11-29T13:32:45+05:30,01543478562258
0,2018-12-01T14:23:30+05:30,01543654409340
0,2018-12-01T14:26:57+05:30,01543654485619
0,2018-12-01T14:30:57+05:30,01543654704232
0,2019-01-09T17:10:11+05:30,01547034009221
0,2019-01-09T17:35:11+05:30,01547035511069
0,2019-01-09T17:35:27+05:30,01547035527614
0,2019-01-09T17:39:10+05:30,01547035750125
0,2019-01-09T17:40:41+05:30,01547035840758
0,2019-01-09T17:41:49+05:30,01547035909026
0,2019-01-09T18:00:23+05:30,01547037022793
0,2019-01-09T18:01:07+05:30,01547037066297
71,2019-01-15T11:21:09+05:30,711547531468373
243,2019-01-25T17:34:11+05:30,2431548417849436
163,2019-01-22T14:32:41+05:30,1631548147759982
153,2019-01-22T12:06:25+05:30,1531548138984214
4,2018-11-26T13:02:56+05:30,41543217576427
175,2019-01-22T19:24:52+05:30,1751548165291664
381,2019-02-01T17:55:20+05:30,3811549023917137
319,2019-01-31T19:02:31+05:30,3191548941549476
356,2019-02-01T12:35:07+05:30,3561549004705781
336,2019-01-31T21:38:23+05:30,3361548950901421
205,2019-01-24T22:48:40+08:00,2051548341319243
278,2019-01-30T18:38:03+05:30,2781548853681114
375,2019-02-01T17:19:34+05:30,3751549021772836
78,2019-01-16T12:51:24+05:30,781547623283205
123456789,2018-11-26T16:45:21+05:30,1234567891543230921065
154,2019-01-22T12:15:41+05:30,1541548139539998
219,2019-01-24T20:03:41+05:30,2191548340419804
362,2019-02-01T13:06:49+05:30,3621549006607561
260,2019-01-29T13:30:49+05:30,2601548748847939
199,2019-01-23T16:33:52+05:30,1991548241429816
83,2019-01-16T16:17:52+05:30,831547635670882
23,2019-01-11T18:41:52+05:30,231547212222472
213,2019-01-24T19:05:37+05:30,2131548336935381
322,2019-01-31T19:31:48+05:30,3221548943307020
209,2019-01-24T21:09:02+08:00,2091548335341384
182,2019-01-22T20:50:31+05:30,1821548170430143
388,2019-02-01T21:06:26+05:30,3881549035384571
159,2019-01-22T14:34:37+05:30,1591548147875126
178,2019-01-22T19:53:07+05:30,1781548166985439
282,2019-01-30T19:25:39+05:30,2821548856538192
112,2019-01-18T17:12:24+05:30,1121547811679741
382,2019-02-01T18:30:15+05:30,3821549026012172
374,2019-02-01T17:07:07+05:30,3741549021023475
345,2019-02-01T11:25:58+05:30,3451549000555895
210,2019-01-24T18:44:23+05:30,2101548335662128
384,2019-02-01T20:01:30+05:30,3841549031487713
363,2019-02-01T13:11:09+05:30,3631549006868143
340,2019-01-31T22:09:48+05:30,3401548952786938
11,2019-01-08T11:29:59+05:30,111546927197914
11,2019-01-08T11:32:52+05:30,111546927371152
11,2019-01-08T20:18:06+05:30,111546958882546
11,2019-01-08T21:15:55+05:30,111546962344304
11,2019-01-11T17:27:40+05:30,111547207851013
11,2019-01-11T17:44:21+05:30,111547208852496
11,2019-01-19T17:21:47+05:30,111547898704136
11,2019-01-29T10:43:23+05:30,111548738801537
218,2019-01-24T22:21:11+08:00,2181548339670215
367,2019-02-01T16:05:14+05:30,3671549017312877
85,2019-01-16T16:34:30+05:30,851547636584980
302,2019-01-31T15:04:19+05:30,3021548927257927
294,2019-01-31T12:29:49+05:30,2941548917987523
69,2019-01-14T16:26:36+05:30,691547463304854
45,2019-01-11T22:46:27+05:30,451547226641694
358,2019-02-01T12:41:28+05:30,3581549005086672
270,2019-01-30T14:17:15+05:30,2701548838033977
276,2019-01-30T18:28:32+05:30,2761548853107617
124,2019-01-19T12:10:06+05:30,1241547879911613
8888,2018-11-26T16:43:35+05:30,88881543230814970
291,2019-01-31T12:06:19+05:30,2911548916577529
370,2019-02-01T16:28:49+05:30,3701549018726334
86,2019-01-16T16:55:43+05:30,861547637858388
12345678,2018-11-26T16:44:35+05:30,123456781543230875380
350,2019-02-01T12:07:02+05:30,3501549003020714
197,2019-01-23T15:24:26+05:30,1971548237262603
215,2019-01-24T19:42:44+05:30,2151548339163150
216,2019-01-24T22:11:31+08:00,2161548339088893
166,2019-01-22T16:01:49+05:30,1661548152953358
376,2019-02-01T17:28:44+05:30,3761549022322857
347,2019-02-01T11:40:53+05:30,3471549001384673
122,2019-01-19T11:35:29+05:30,1221547877844692
993283,2018-12-01T16:17:55+05:30,9932831543661152207
318,2019-01-31T19:01:16+05:30,3181548941473480
220,2019-01-24T22:35:19+08:00,2201548340518324
317,2019-01-31T19:00:26+05:30,3171548941425385
